<?xml version="1.0" encoding="UTF-8"?>
<!DOCTYPE properties SYSTEM "http://java.sun.com/dtd/properties.dtd">
<properties>
    <entry key="start">Щоб дізнатися свій розклад, натисни кнопку  📋 _Мій розклад_. Детальніше: /help</entry>
    <entry key="help">Якщо ти вперше відкрив чат із ботом, тобі необхідно налаштувати свою групу.

Щоб додати групу, перейди у меню
⚙ _Налаштування_  ⇒  💾 _Додати групу_  ⇒  введи і надішли назву свого інституту та групи у тому ж форматі (*ІНСТ ГР-#*), що і на сайті НУ ЛП.

Наприклад:

        ІКТА КНУО-11
        іххт тхд-4
    </entry>
    <entry key="info">Бот парсить інформацію із сайту [Національного університету "Львівська політехніка"](http://www.lp.edu.ua/).

Розклад відображається на поточний тиждень.
Свій фідбек можеш написати [мені](tg://user?id=297271921)

Версія 1.0</entry>
    <entry key="noGroup">У тебе немає збереженої групи.
Перейди у  ⚙ _Налаштування_  /settings, щоб додати групу.
Детальніше:  ⭐ _Допомога_  /help"</entry>
    <entry key="addGroupText">Введи назву інституту і групи через пробіл.
        Наприклад:

        ікта сі-41
        ІХХТ ХТ-21</entry>
    <entry key="arguments">Надто багато аргументів. /help для допомоги.</entry>
    <entry key="error">Невірний формат повідомлення. /help для допомоги.</entry>

</properties>